{
  "model": "nomic-embed-text",
  "dims": 768,
  "sample": [
    0.014063025,
    0.018059254,
    -0.2049648
  ]
}